Hours Studied,Sleep Hours,Attendance Percentage,Previous Marks,Marks Scored
4.4,4.2,83.9,43.0,46.5
9.6,7.5,58.8,70.8,70.1
7.6,5.7,62.3,71.4,62.8
6.4,6.8,95.4,77.0,66.9
2.4,9.0,82.3,82.1,52.4
2.4,5.4,55.4,96.6,43.9
1.5,6.3,59.6,69.9,34.5
8.8,8.2,84.9,58.7,72.8
6.4,5.3,55.2,86.1,55.2
7.4,4.4,62.2,55.7,59.9
1.2,5.6,79.7,65.5,33.1
9.7,4.9,86.1,44.6,62.9
8.5,9.1,84.3,41.5,68.7
2.9,8.4,65.1,95.8,54.9
2.6,7.5,87.0,88.5,55.9
2.7,8.8,65.7,80.4,49.2
3.7,8.4,69.6,63.7,46.7
5.7,5.0,88.6,50.1,49.4
4.9,8.9,84.2,49.1,52.1
3.6,7.0,93.2,54.5,46.2
6.5,8.4,84.6,71.9,68.6
2.3,8.9,80.6,81.4,49.7
3.6,5.7,59.2,78.3,42.3
4.3,4.6,71.5,56.2,42.0
5.1,5.3,66.9,95.4,59.9
8.1,6.3,66.0,82.8,66.3
2.8,8.5,98.8,72.2,51.3
5.6,8.7,72.7,75.5,60.6
6.3,4.0,95.1,64.3,60.9
1.4,6.8,83.4,54.4,34.4
6.5,6.3,90.8,60.6,59.7
2.5,5.2,77.6,84.0,47.5
1.6,4.7,81.0,40.8,24.8
9.5,5.9,77.2,46.7,60.7
9.7,9.2,63.8,42.7,62.5
8.3,5.8,87.5,42.4,60.8
3.7,6.9,67.6,89.6,53.8
1.9,7.9,56.1,80.8,44.9
7.2,6.0,84.0,67.5,66.9
5.0,9.3,63.0,45.7,45.2
2.1,9.3,97.3,68.5,50.2
5.5,5.4,97.9,67.5,56.9
1.3,6.7,96.2,50.0,37.6
9.2,5.7,71.7,65.2,67.2
3.3,5.6,55.7,63.1,38.8
7.0,4.2,96.8,75.7,64.8
3.8,7.4,74.3,76.8,53.2
5.7,6.8,98.5,42.6,59.7
5.9,4.3,98.4,61.7,58.5
2.7,5.5,93.4,76.3,51.2
9.7,9.0,68.3,69.2,76.6
8.0,5.3,72.3,89.7,69.3
9.5,4.8,93.3,78.2,79.3
9.1,6.7,69.3,49.5,63.2
6.4,9.4,62.6,44.1,51.5
9.3,5.3,80.1,77.3,71.8
1.8,7.7,97.1,41.5,38.6
2.8,8.2,86.3,74.0,52.3
1.4,5.3,80.7,94.5,51.0
3.9,8.0,59.4,73.4,50.5
4.5,6.0,82.7,62.5,57.6
3.4,7.5,99.6,77.3,54.7
8.5,7.5,61.3,66.6,67.5
4.2,6.9,78.3,71.6,52.7
3.5,4.5,94.5,94.6,65.3
5.9,8.6,88.3,62.4,58.6
2.3,5.8,86.4,95.7,50.1
8.2,5.0,86.6,92.5,74.0
1.7,4.2,71.2,51.4,23.1
9.9,7.2,68.2,44.0,63.3
8.0,7.7,91.4,45.8,62.2
2.8,4.1,91.5,41.1,37.4
1.0,6.8,94.0,45.5,35.5
8.3,5.2,96.1,79.6,81.1
7.4,7.5,78.0,44.1,60.6
7.6,5.0,77.6,58.5,58.2
7.9,7.8,90.9,89.0,75.1
1.7,6.1,84.2,41.3,34.1
4.2,9.2,86.6,87.2,57.9
2.0,4.8,90.8,56.3,44.8
8.8,5.9,95.1,46.9,71.1
6.6,4.6,70.2,80.4,58.7
4.0,9.1,71.9,76.5,48.1
1.6,8.8,59.2,90.9,48.4
3.8,5.4,81.0,82.6,52.6
3.9,7.6,56.6,86.6,54.3
7.6,8.5,76.0,56.4,57.8
6.7,7.1,79.4,50.3,54.5
9.0,6.9,67.9,83.5,73.4
5.2,5.3,81.6,86.8,60.5
2.1,4.5,56.4,97.4,41.1
7.4,8.9,56.7,63.9,61.5
7.8,9.0,92.0,61.6,67.1
6.1,7.5,71.2,85.0,62.7
7.9,5.9,60.7,59.8,58.4
5.4,5.9,78.5,94.0,64.9
5.7,8.0,89.6,89.8,71.0
4.8,8.9,64.7,64.9,47.4
1.2,8.9,83.0,83.6,41.9
2.0,8.3,58.8,83.8,46.9
